Price,Mileage,Horsepower,Num_Features,Fuel_Type,Car_Type
35795,40,437,5,Petrol,SUV
20860,20,316,3,Hybrid,Sedan
58158,40,258,8,Hybrid,SUV
31284,20,185,4,Electric,Sports
26265,25,381,1,Petrol,Sedan
36850,35,378,1,Electric,SUV
57194,20,313,3,Petrol,SUV
41962,40,222,9,Electric,SUV
36023,25,285,7,Hybrid,SUV
21685,20,219,2,Petrol,Sedan
20769,30,345,9,Hybrid,Sedan
22433,35,418,2,Hybrid,Sedan
25311,20,198,3,Electric,Sedan
57819,25,465,2,Petrol,Luxury
59188,30,279,3,Hybrid,SUV
37568,25,154,6,Electric,Sports
39769,25,176,9,Petrol,Sports
48693,30,309,9,Petrol,SUV
26396,25,298,7,Hybrid,Sedan
47480,30,413,3,Petrol,SUV
45658,20,379,4,Hybrid,SUV
38942,30,349,6,Petrol,SUV
38431,30,199,5,Electric,Sports
22747,35,216,2,Hybrid,Sedan
20189,30,449,6,Hybrid,Sedan
39118,30,207,3,Petrol,SUV
55773,20,408,8,Petrol,Luxury
21899,35,491,2,Hybrid,Sedan
21267,40,475,1,Petrol,Sedan
51551,20,279,9,Electric,SUV
31394,20,364,3,Petrol,SUV
23556,40,321,1,Electric,Sedan
23890,30,407,7,Electric,Sedan
50740,25,251,5,Electric,SUV
34502,35,358,5,Electric,SUV
41777,25,440,1,Electric,SUV
30627,40,435,9,Petrol,SUV
28792,20,265,7,Electric,Sedan
28433,20,413,8,Petrol,Sedan
31016,35,299,9,Electric,SUV
43897,20,449,6,Hybrid,SUV
22612,20,185,5,Electric,Sedan
43483,35,482,6,Hybrid,SUV
37159,35,436,2,Electric,SUV
34541,40,452,4,Electric,SUV
55920,20,460,3,Electric,Luxury
46531,20,357,7,Hybrid,SUV
21585,40,255,9,Hybrid,Sedan
23943,30,307,5,Electric,Sedan
43939,30,270,6,Petrol,SUV
39457,30,204,2,Electric,SUV
21021,40,161,3,Hybrid,Sedan
31653,20,294,3,Electric,SUV
33417,40,285,9,Hybrid,SUV
29692,40,152,7,Hybrid,Sedan
26873,30,293,8,Hybrid,Sedan
25675,25,179,9,Electric,Sedan
20161,20,386,6,Hybrid,Sedan
57065,30,428,4,Hybrid,Luxury
46557,25,497,1,Electric,SUV
53763,25,264,8,Hybrid,SUV
52606,35,253,7,Electric,SUV
31534,20,267,2,Hybrid,SUV
49127,25,154,8,Petrol,Sports
45851,30,397,5,Petrol,SUV
21016,35,470,7,Hybrid,Sedan
44253,20,270,4,Petrol,SUV
44276,40,435,5,Electric,SUV
43247,30,298,8,Petrol,SUV
44300,25,233,1,Hybrid,SUV
28529,25,380,1,Hybrid,Sedan
37262,30,437,4,Electric,SUV
29268,25,310,3,Hybrid,Sedan
41271,35,421,2,Electric,SUV
32185,20,187,3,Petrol,Sports
41243,35,375,1,Petrol,SUV
59099,25,291,1,Electric,SUV
28571,40,441,6,Electric,Sedan
59976,20,300,5,Hybrid,SUV
58044,20,263,8,Petrol,SUV
22568,30,386,2,Electric,Sedan
22027,30,215,4,Petrol,Sedan
22695,40,490,8,Electric,Sedan
25258,20,407,6,Petrol,Sedan
42002,40,398,1,Hybrid,SUV
59504,30,480,4,Petrol,Luxury
53159,30,472,1,Petrol,Luxury
33986,20,329,2,Petrol,SUV
32666,35,339,5,Petrol,SUV
58660,25,303,8,Petrol,SUV
23561,30,345,8,Hybrid,Sedan
46854,30,460,3,Electric,SUV
58952,35,411,4,Petrol,Luxury
42662,35,292,6,Hybrid,SUV
28392,40,491,3,Petrol,Sedan
50535,40,465,2,Petrol,Luxury
33067,25,250,6,Electric,SUV
43599,25,393,5,Petrol,SUV
55222,20,161,5,Hybrid,Sports
31837,40,388,5,Hybrid,SUV
34039,30,198,5,Electric,Sports
50818,40,191,3,Petrol,Sports
39115,30,315,7,Hybrid,SUV
30965,35,231,6,Petrol,SUV
44538,40,440,4,Petrol,SUV
25056,35,307,2,Petrol,Sedan
52482,25,365,9,Electric,Luxury
28110,25,307,1,Petrol,Sedan
33773,20,283,4,Hybrid,SUV
47266,40,216,1,Petrol,SUV
37412,35,485,6,Hybrid,SUV
53270,30,156,4,Petrol,Sports
26910,25,163,5,Hybrid,Sedan
45446,25,222,5,Hybrid,SUV
20206,30,312,9,Petrol,Sedan
41518,35,215,1,Petrol,SUV
42361,35,496,2,Hybrid,SUV
43419,40,279,6,Electric,SUV
42403,40,355,5,Petrol,SUV
38141,20,425,7,Electric,SUV
34820,25,405,3,Petrol,SUV
26374,40,415,3,Petrol,Sedan
21678,35,174,2,Petrol,Sedan
53827,30,430,3,Petrol,Luxury
36198,35,402,1,Electric,SUV
29914,25,459,5,Petrol,Sedan
47890,35,438,5,Hybrid,SUV
42299,20,313,7,Hybrid,SUV
22693,25,244,4,Electric,Sedan
49467,30,419,3,Petrol,SUV
49723,20,470,1,Hybrid,SUV
23627,25,259,8,Electric,Sedan
45939,30,485,3,Petrol,SUV
41834,20,459,2,Hybrid,SUV
38047,20,387,4,Hybrid,SUV
46105,25,174,3,Electric,Sports
30230,40,290,1,Petrol,SUV
35707,20,266,3,Petrol,SUV
41976,20,174,2,Hybrid,Sports
43776,30,228,8,Hybrid,SUV
50080,35,217,6,Hybrid,SUV
21306,25,322,9,Petrol,Sedan
26776,25,161,8,Electric,Sedan
47251,40,437,3,Electric,SUV
29474,40,277,5,Petrol,Sedan
41959,25,245,7,Electric,SUV
25530,40,241,5,Hybrid,Sedan
49320,30,290,8,Electric,SUV
23748,25,180,5,Electric,Sedan
51968,40,483,1,Electric,Luxury
52562,25,169,5,Hybrid,Sports
33545,35,295,4,Petrol,SUV
20663,20,465,6,Hybrid,Sedan
54766,25,309,3,Petrol,SUV
27994,20,498,5,Petrol,Sedan
48021,40,192,2,Petrol,Sports
50303,20,403,6,Electric,Luxury
23304,25,279,6,Electric,Sedan
59353,35,209,5,Petrol,SUV
37675,40,300,6,Petrol,SUV
43938,25,436,7,Electric,SUV
43664,40,154,5,Hybrid,Sports
21636,30,415,1,Petrol,Sedan
40080,20,494,8,Hybrid,SUV
47728,30,279,4,Electric,SUV
46736,25,416,9,Petrol,SUV
48673,35,327,6,Hybrid,SUV
57505,40,402,1,Hybrid,Luxury
20854,20,205,3,Hybrid,Sedan
44548,40,232,3,Electric,SUV
58623,25,248,4,Electric,SUV
27392,40,298,6,Hybrid,Sedan
41556,20,478,7,Hybrid,SUV
58559,25,305,4,Electric,SUV
46309,40,339,6,Hybrid,SUV
41919,35,412,1,Hybrid,SUV
24931,25,229,8,Electric,Sedan
52970,25,401,7,Hybrid,Luxury
32688,35,246,9,Hybrid,SUV
45342,30,409,3,Hybrid,SUV
57157,20,409,2,Electric,Luxury
22327,30,252,1,Hybrid,Sedan
20197,40,189,3,Electric,Sedan
43509,35,422,5,Electric,SUV
54698,30,250,2,Petrol,SUV
35087,25,457,3,Petrol,SUV
42671,40,370,4,Hybrid,SUV
45184,40,457,7,Electric,SUV
47848,30,273,3,Petrol,SUV
40666,30,380,9,Hybrid,SUV
35708,35,327,8,Petrol,SUV
46370,20,212,4,Petrol,SUV
22811,30,265,1,Electric,Sedan
26546,30,340,1,Electric,Sedan
54754,25,211,1,Petrol,SUV
50206,40,405,1,Petrol,Luxury
31411,20,156,8,Electric,Sports
22911,25,304,3,Hybrid,Sedan
21734,35,241,6,Electric,Sedan
38227,35,163,3,Petrol,Sports
28680,30,378,5,Hybrid,Sedan
39360,30,235,7,Petrol,SUV
38343,35,282,2,Hybrid,SUV
25759,30,332,6,Petrol,Sedan
43078,20,211,6,Hybrid,SUV
55153,30,368,3,Hybrid,Luxury
31111,40,395,6,Petrol,SUV
57504,30,379,5,Hybrid,Luxury
21802,25,228,2,Electric,Sedan
28155,20,298,9,Petrol,Sedan
28120,25,287,8,Electric,Sedan
59384,25,463,3,Petrol,Luxury
41918,40,214,8,Hybrid,SUV
40445,20,162,9,Hybrid,Sports
50306,20,362,3,Hybrid,Luxury
36646,20,391,3,Petrol,SUV
51065,20,362,2,Electric,Luxury
45199,20,330,8,Electric,SUV
36371,40,487,1,Petrol,SUV
31835,30,322,8,Petrol,SUV
22049,25,309,7,Electric,Sedan
51616,20,313,7,Electric,SUV
58191,30,337,3,Electric,SUV
40932,30,340,1,Electric,SUV
49855,25,457,4,Petrol,SUV
27158,40,405,9,Petrol,Sedan
27400,35,332,5,Hybrid,Sedan
35151,35,266,1,Electric,SUV
21154,30,431,5,Hybrid,Sedan
24499,25,345,8,Petrol,Sedan
26295,35,183,8,Petrol,Sedan
32183,30,201,5,Hybrid,SUV
49299,40,261,9,Electric,SUV
32874,35,401,1,Electric,SUV
52711,30,231,4,Electric,SUV
25539,30,381,3,Electric,Sedan
22557,20,376,2,Hybrid,Sedan
58360,40,382,8,Hybrid,Luxury
36482,20,370,7,Petrol,SUV
22200,25,191,9,Electric,Sedan
22961,20,170,2,Electric,Sedan
41357,20,191,4,Electric,Sports
31969,35,262,6,Hybrid,SUV
22869,30,254,3,Electric,Sedan
48643,40,341,8,Hybrid,SUV
44736,20,166,3,Electric,Sports
58467,40,269,2,Electric,SUV
43328,20,278,3,Petrol,SUV
45876,25,279,6,Electric,SUV
41295,20,209,2,Electric,SUV
23987,35,197,8,Petrol,Sedan
42399,30,178,1,Hybrid,Sports
53986,25,246,7,Hybrid,SUV
40880,20,159,2,Electric,Sports
24735,40,391,6,Hybrid,Sedan
24555,25,463,2,Electric,Sedan
39830,25,381,2,Petrol,SUV
37429,20,426,8,Petrol,SUV
26893,25,433,2,Electric,Sedan
34373,40,352,7,Petrol,SUV
23436,25,396,3,Petrol,Sedan
28754,40,439,8,Electric,Sedan
30677,20,413,7,Electric,SUV
25895,30,363,8,Petrol,Sedan
39738,25,349,7,Hybrid,SUV
50746,30,228,6,Hybrid,SUV
52352,40,492,7,Electric,Luxury
59790,25,493,5,Electric,Luxury
25600,35,322,7,Hybrid,Sedan
49124,30,218,1,Petrol,SUV
47643,25,236,1,Hybrid,SUV
29007,30,250,9,Hybrid,Sedan
57410,25,157,5,Hybrid,Sports
28208,20,482,5,Hybrid,Sedan
38589,30,349,3,Electric,SUV
37453,35,236,5,Electric,SUV
56212,35,192,3,Petrol,Sports
52635,40,258,9,Petrol,SUV
53828,25,301,9,Petrol,SUV
38711,30,166,6,Petrol,Sports
23420,40,282,1,Hybrid,Sedan
51216,30,297,7,Electric,SUV
20301,25,426,7,Electric,Sedan
20699,35,381,4,Petrol,Sedan
20190,20,463,8,Petrol,Sedan
30492,35,377,6,Hybrid,SUV
55743,40,288,4,Hybrid,SUV
26102,20,360,4,Petrol,Sedan
39778,40,177,2,Electric,Sports
46641,25,200,2,Electric,Sports
54584,20,410,4,Electric,Luxury
52745,40,410,5,Petrol,Luxury
43093,25,499,8,Electric,SUV
20569,35,157,6,Hybrid,Sedan
58210,25,469,4,Hybrid,Luxury
54663,30,287,7,Petrol,SUV
56631,25,187,8,Hybrid,Sports
27455,25,260,2,Petrol,Sedan
24014,30,369,7,Electric,Sedan
31093,40,486,2,Electric,SUV
38070,40,372,2,Electric,SUV
55777,25,285,8,Hybrid,SUV
36538,30,405,2,Petrol,SUV
30729,30,478,9,Electric,SUV
54177,35,198,1,Petrol,Sports
20784,40,441,9,Electric,Sedan
47751,20,473,1,Hybrid,SUV
32533,40,227,2,Hybrid,SUV
59974,40,254,6,Petrol,SUV
25801,35,318,6,Hybrid,Sedan
39190,20,366,1,Hybrid,SUV
58754,35,268,7,Petrol,SUV
49592,20,339,8,Electric,SUV
30647,25,404,2,Hybrid,SUV
28716,20,415,8,Petrol,Sedan
43355,35,298,9,Hybrid,SUV
42009,40,313,6,Hybrid,SUV
44376,20,289,5,Hybrid,SUV
24780,20,496,9,Hybrid,Sedan
22368,30,407,9,Petrol,Sedan
32039,40,418,1,Petrol,SUV
26655,25,330,3,Petrol,Sedan
24495,35,309,9,Hybrid,Sedan
30893,25,437,2,Hybrid,SUV
45547,40,437,4,Hybrid,SUV
42386,20,375,4,Petrol,SUV
33403,20,160,2,Hybrid,Sports
52097,40,159,3,Electric,Sports
33121,20,420,3,Hybrid,SUV
30966,20,422,1,Electric,SUV
53621,20,332,6,Hybrid,SUV
48312,35,302,8,Petrol,SUV
42677,35,464,3,Hybrid,SUV
51289,30,483,5,Electric,Luxury
51024,25,273,1,Electric,SUV
24777,40,263,7,Hybrid,Sedan
49749,40,427,1,Electric,SUV
35338,40,362,9,Electric,SUV
22491,30,321,8,Petrol,Sedan
47236,35,437,7,Hybrid,SUV
34599,30,323,7,Hybrid,SUV
39508,40,262,5,Hybrid,SUV
23051,25,271,5,Electric,Sedan
41606,20,181,5,Hybrid,Sports
41699,35,371,1,Hybrid,SUV
20876,35,268,8,Petrol,Sedan
52093,30,188,1,Petrol,Sports
24142,35,417,4,Petrol,Sedan
35202,40,382,9,Electric,SUV
59734,40,167,9,Hybrid,Sports
27079,30,298,5,Petrol,Sedan
27987,40,298,4,Petrol,Sedan
59567,25,275,3,Petrol,SUV
48940,30,451,3,Hybrid,SUV
57233,25,387,5,Hybrid,Luxury
37019,20,284,1,Hybrid,SUV
38077,25,300,5,Electric,SUV
46258,20,385,6,Electric,SUV
41136,20,373,7,Petrol,SUV
28311,25,352,9,Hybrid,Sedan
37214,30,405,3,Petrol,SUV
34098,40,235,2,Hybrid,SUV
48251,40,299,3,Hybrid,SUV
57945,20,384,9,Hybrid,Luxury
45945,20,494,7,Electric,SUV
45316,30,171,9,Electric,Sports
52217,35,497,2,Hybrid,Luxury
28308,25,434,5,Petrol,Sedan
25949,20,418,4,Hybrid,Sedan
21150,40,407,2,Hybrid,Sedan
43944,30,178,9,Petrol,Sports
54699,25,362,9,Hybrid,Luxury
29204,30,432,6,Petrol,Sedan
21081,25,199,6,Electric,Sedan
49305,25,244,8,Electric,SUV
36896,20,237,6,Petrol,SUV
27805,30,193,1,Electric,Sedan
25237,30,427,4,Electric,Sedan
40056,40,320,7,Petrol,SUV
23343,40,338,2,Electric,Sedan
33500,20,333,9,Hybrid,SUV
49375,20,152,8,Hybrid,Sports
29662,35,340,8,Petrol,Sedan
36964,40,267,7,Electric,SUV
28130,25,168,4,Hybrid,Sedan
39531,30,172,2,Hybrid,Sports
21679,20,179,3,Electric,Sedan
23506,30,444,6,Electric,Sedan
33284,30,257,5,Hybrid,SUV
27253,35,430,8,Hybrid,Sedan
39128,40,277,6,Petrol,SUV
47932,20,378,6,Petrol,SUV
29435,30,260,1,Hybrid,Sedan
33296,20,285,4,Petrol,SUV
50445,25,335,5,Hybrid,SUV
33245,35,293,3,Hybrid,SUV
49124,25,221,9,Petrol,SUV
49899,20,278,1,Petrol,SUV
55247,20,410,6,Electric,Luxury
49222,40,152,6,Electric,Sports
46211,30,253,5,Electric,SUV
57220,30,373,5,Hybrid,Luxury
46646,25,469,5,Petrol,SUV
58649,35,159,6,Hybrid,Sports
43049,30,451,8,Petrol,SUV
34069,40,380,2,Hybrid,SUV
52580,25,368,6,Electric,Luxury
51843,25,215,1,Electric,SUV
22849,40,261,4,Electric,Sedan
43289,35,162,3,Hybrid,Sports
55257,40,235,9,Petrol,SUV
29823,35,383,3,Petrol,Sedan
29540,40,239,6,Electric,Sedan
36364,40,463,1,Electric,SUV
24611,20,203,6,Electric,Sedan
47663,25,161,4,Electric,Sports
58646,40,358,8,Petrol,Luxury
50977,40,163,9,Hybrid,Sports
49168,30,270,4,Hybrid,SUV
45471,25,169,6,Hybrid,Sports
42687,30,224,1,Hybrid,SUV
20851,25,392,4,Electric,Sedan
38071,30,372,7,Electric,SUV
26833,40,219,1,Electric,Sedan
31938,40,461,8,Hybrid,SUV
55195,20,360,6,Electric,Luxury
46144,30,250,5,Electric,SUV
24000,35,335,9,Petrol,Sedan
25052,20,281,2,Petrol,Sedan
55506,30,260,5,Electric,SUV
48074,30,281,6,Petrol,SUV
58155,20,169,7,Petrol,Sports
52320,40,173,5,Electric,Sports
58304,30,376,9,Electric,Luxury
23913,40,303,1,Electric,Sedan
37450,20,442,7,Electric,SUV
44107,40,379,7,Hybrid,SUV
40764,25,459,4,Hybrid,SUV
40491,35,351,9,Electric,SUV
58494,30,187,5,Petrol,Sports
23373,35,409,4,Electric,Sedan
32161,40,337,7,Electric,SUV
51996,30,206,4,Petrol,SUV
47122,40,169,3,Hybrid,Sports
54850,25,422,9,Electric,Luxury
47350,20,268,8,Electric,SUV
47472,30,220,1,Hybrid,SUV
48761,25,153,7,Hybrid,Sports
45351,25,370,9,Petrol,SUV
43132,30,163,8,Hybrid,Sports
35305,40,152,8,Hybrid,Sports
29817,25,365,6,Hybrid,Sedan
31261,35,378,4,Petrol,SUV
20417,25,485,8,Hybrid,Sedan
40358,40,335,3,Hybrid,SUV
23267,40,204,9,Petrol,Sedan
37209,35,403,2,Hybrid,SUV
44052,25,173,2,Hybrid,Sports
58513,40,311,7,Petrol,SUV
46092,30,307,4,Electric,SUV
31338,20,231,8,Petrol,SUV
20412,20,308,9,Hybrid,Sedan
27543,20,337,7,Hybrid,Sedan
53496,25,209,5,Hybrid,SUV
43548,35,454,8,Petrol,SUV
47384,40,468,4,Hybrid,SUV
58756,30,360,2,Hybrid,Luxury
38888,30,301,6,Petrol,SUV
55735,25,258,9,Electric,SUV
37506,20,225,1,Electric,SUV
40463,25,179,7,Hybrid,Sports
37955,35,463,9,Petrol,SUV
57841,35,266,9,Hybrid,SUV
25104,40,341,3,Petrol,Sedan
54911,40,168,5,Petrol,Sports
43190,35,322,8,Electric,SUV
27357,35,377,8,Electric,Sedan
52479,35,499,4,Petrol,Luxury
56208,25,332,1,Hybrid,SUV
40150,35,262,1,Electric,SUV
25644,30,332,4,Hybrid,Sedan
22914,20,295,6,Electric,Sedan
41352,35,468,8,Electric,SUV
34397,20,265,6,Hybrid,SUV
20728,25,262,9,Electric,Sedan
20698,20,400,9,Electric,Sedan
59954,25,400,2,Hybrid,Luxury
33923,30,452,1,Electric,SUV
36779,25,462,2,Electric,SUV
27400,25,267,5,Electric,Sedan
44466,40,450,4,Hybrid,SUV
56939,35,310,4,Petrol,SUV
24360,35,347,9,Hybrid,Sedan
55270,30,409,8,Petrol,Luxury
37101,30,297,6,Electric,SUV
52307,35,389,1,Petrol,Luxury
25486,40,196,2,Hybrid,Sedan
28335,35,347,6,Hybrid,Sedan
41364,40,196,2,Electric,Sports
57259,30,227,5,Petrol,SUV
43576,20,273,5,Electric,SUV
51667,30,224,6,Electric,SUV
31130,30,286,6,Hybrid,SUV
41972,25,239,6,Petrol,SUV
21167,25,474,2,Petrol,Sedan
47192,25,210,3,Petrol,SUV
21062,25,287,6,Petrol,Sedan
38540,40,199,8,Electric,Sports
44244,35,408,1,Electric,SUV
41545,20,256,1,Hybrid,SUV
41689,30,262,2,Electric,SUV
31174,40,499,6,Electric,SUV
42925,20,403,9,Hybrid,SUV
57497,40,267,4,Hybrid,SUV
29348,40,347,3,Hybrid,Sedan
43714,30,486,8,Electric,SUV
58102,35,200,9,Electric,Sports
28924,25,394,5,Hybrid,Sedan
57098,35,184,9,Hybrid,Sports
44394,30,451,2,Hybrid,SUV
26801,30,218,3,Electric,Sedan
57614,30,498,7,Electric,Luxury
26731,20,469,7,Petrol,Sedan
43625,35,198,6,Electric,Sports
37337,35,223,6,Electric,SUV
55307,40,341,2,Electric,SUV
27056,40,410,6,Hybrid,Sedan
31516,40,219,4,Electric,SUV
21542,30,239,3,Hybrid,Sedan
41677,35,409,2,Petrol,SUV
59081,30,275,1,Petrol,SUV
47569,20,380,5,Hybrid,SUV
43322,40,444,2,Hybrid,SUV
39065,30,278,2,Hybrid,SUV
37924,30,429,7,Electric,SUV
42556,20,462,8,Petrol,SUV
46962,25,249,8,Hybrid,SUV
48295,35,475,4,Electric,SUV
33807,25,446,1,Petrol,SUV
46432,40,331,7,Electric,SUV
37749,30,323,1,Petrol,SUV
46256,20,465,4,Electric,SUV
57080,20,337,8,Petrol,SUV
21324,35,206,2,Petrol,Sedan
45731,25,180,6,Electric,Sports
55909,35,233,6,Hybrid,SUV
43803,30,301,9,Petrol,SUV
39870,35,185,5,Hybrid,Sports
54578,20,362,4,Electric,Luxury
26588,20,255,5,Hybrid,Sedan
58069,40,491,5,Hybrid,Luxury
46790,40,369,8,Hybrid,SUV
45289,30,312,8,Hybrid,SUV
48178,25,369,2,Hybrid,SUV
48710,35,419,7,Petrol,SUV
35485,30,269,8,Petrol,SUV
40652,40,485,6,Petrol,SUV
24748,35,331,5,Electric,Sedan
41233,40,255,9,Hybrid,SUV
29435,35,366,3,Petrol,Sedan
23709,25,354,4,Electric,Sedan
50355,30,219,9,Petrol,SUV
33116,35,193,6,Petrol,Sports
45470,20,478,8,Hybrid,SUV
59298,20,450,7,Electric,Luxury
34683,35,377,2,Hybrid,SUV
20504,35,333,3,Hybrid,Sedan
53982,35,256,1,Petrol,SUV
54299,20,233,9,Hybrid,SUV
48016,20,487,7,Electric,SUV
43960,35,399,1,Hybrid,SUV
53591,40,170,3,Hybrid,Sports
37312,40,345,4,Hybrid,SUV
57797,25,327,4,Petrol,SUV
22105,30,156,5,Electric,Sedan
56395,40,219,3,Petrol,SUV
42700,20,276,3,Petrol,SUV
54620,40,309,1,Petrol,SUV
57678,25,397,7,Petrol,Luxury
40559,25,352,1,Petrol,SUV
47509,30,297,2,Electric,SUV
47860,40,292,4,Hybrid,SUV
31003,20,348,4,Petrol,SUV
41732,20,303,5,Petrol,SUV
45826,35,291,2,Electric,SUV
50354,20,462,4,Electric,Luxury
33843,30,314,1,Hybrid,SUV
26190,30,463,2,Electric,Sedan
37640,20,170,1,Hybrid,Sports
58413,20,231,4,Petrol,SUV
23330,35,218,4,Petrol,Sedan
39087,20,280,7,Hybrid,SUV
44504,35,236,9,Electric,SUV
27114,35,367,9,Hybrid,Sedan
33323,20,454,5,Electric,SUV
54121,25,494,1,Petrol,Luxury
30975,25,490,1,Electric,SUV
31023,35,310,6,Hybrid,SUV
41447,20,327,2,Hybrid,SUV
44933,25,266,8,Petrol,SUV
43959,20,345,9,Electric,SUV
20667,20,476,4,Electric,Sedan
49703,20,235,5,Electric,SUV
29337,40,438,8,Petrol,Sedan
56487,20,230,3,Electric,SUV
39129,40,301,5,Hybrid,SUV
51921,35,210,3,Electric,SUV
53307,25,210,3,Petrol,SUV
47355,25,177,3,Electric,Sports
57732,25,192,7,Electric,Sports
24835,25,318,7,Hybrid,Sedan
40159,25,235,7,Electric,SUV
58810,25,326,8,Hybrid,SUV
58088,25,166,5,Hybrid,Sports
33216,35,247,5,Petrol,SUV
55547,20,347,4,Hybrid,SUV
51471,30,247,7,Hybrid,SUV
37308,40,214,4,Petrol,SUV
47532,30,479,2,Hybrid,SUV
54349,30,490,4,Petrol,Luxury
25713,20,154,8,Electric,Sedan
24804,20,151,9,Petrol,Sedan
30136,20,171,3,Hybrid,Sports
20009,25,261,7,Petrol,Sedan
39255,35,206,9,Hybrid,SUV
43793,25,215,4,Electric,SUV
49548,35,479,3,Petrol,SUV
57892,35,247,5,Electric,SUV
21015,30,293,1,Hybrid,Sedan
47712,30,274,3,Hybrid,SUV
54961,35,316,8,Electric,SUV
28415,35,235,8,Petrol,Sedan
43833,25,225,4,Petrol,SUV
24158,25,493,2,Hybrid,Sedan
40309,30,443,8,Electric,SUV
26970,20,208,8,Electric,Sedan
26938,35,287,4,Petrol,Sedan
41168,25,248,3,Petrol,SUV
40384,30,341,2,Petrol,SUV
38017,25,392,9,Electric,SUV
30344,35,468,1,Petrol,SUV
28702,35,198,7,Petrol,Sedan
20384,40,181,5,Hybrid,Sedan
20404,20,426,8,Petrol,Sedan
49189,40,169,4,Petrol,Sports
32763,30,303,7,Electric,SUV
38384,25,217,5,Electric,SUV
52606,30,363,5,Hybrid,Luxury
29860,35,292,9,Petrol,Sedan
58757,40,381,9,Hybrid,Luxury
35106,40,362,9,Electric,SUV
43574,40,228,6,Hybrid,SUV
43524,30,363,6,Electric,SUV
23636,35,265,5,Hybrid,Sedan
30916,25,241,9,Hybrid,SUV
24809,25,419,8,Petrol,Sedan
52201,30,317,7,Hybrid,SUV
33456,40,207,7,Petrol,SUV
58765,20,433,6,Petrol,Luxury
54816,30,175,5,Petrol,Sports
37100,30,215,4,Petrol,SUV
41949,35,397,3,Hybrid,SUV
24544,25,403,3,Electric,Sedan
57744,30,193,6,Electric,Sports
46657,30,246,4,Electric,SUV
56187,40,191,6,Hybrid,Sports
27239,40,376,3,Petrol,Sedan
34489,20,411,4,Electric,SUV
48538,35,316,9,Hybrid,SUV
52049,20,428,5,Petrol,Luxury
57131,40,238,7,Electric,SUV
28427,25,327,2,Petrol,Sedan
44285,40,346,5,Electric,SUV
57626,35,456,9,Electric,Luxury
42928,40,416,3,Electric,SUV
39198,35,417,9,Petrol,SUV
39758,35,223,6,Hybrid,SUV
35254,35,157,4,Petrol,Sports
21252,35,446,7,Electric,Sedan
59764,35,313,8,Petrol,SUV
32173,25,234,6,Hybrid,SUV
57441,20,221,5,Petrol,SUV
46698,30,204,6,Hybrid,SUV
35781,20,196,5,Hybrid,Sports
33051,35,387,8,Petrol,SUV
59649,25,253,1,Electric,SUV
26949,40,359,7,Hybrid,Sedan
28017,25,191,2,Petrol,Sedan
26941,35,465,9,Hybrid,Sedan
45934,25,417,1,Electric,SUV
43386,25,412,6,Petrol,SUV
30209,35,485,9,Petrol,SUV
37715,25,408,1,Petrol,SUV
48920,30,432,4,Electric,SUV
51703,30,263,4,Hybrid,SUV
24637,25,189,9,Petrol,Sedan
24854,40,369,5,Hybrid,Sedan
57660,35,278,5,Hybrid,SUV
59811,30,157,6,Electric,Sports
39856,40,250,1,Petrol,SUV
41833,25,325,1,Hybrid,SUV
39963,40,256,9,Petrol,SUV
56932,20,250,3,Petrol,SUV
47169,30,409,4,Electric,SUV
27941,25,395,1,Petrol,Sedan
34388,35,424,9,Petrol,SUV
25569,25,181,8,Hybrid,Sedan
24300,35,286,2,Electric,Sedan
59037,25,161,8,Petrol,Sports
56586,40,451,7,Hybrid,Luxury
32015,40,165,6,Electric,Sports
26254,40,278,1,Electric,Sedan
37144,20,212,7,Hybrid,SUV
44214,35,258,7,Hybrid,SUV
35183,40,170,9,Hybrid,Sports
26238,20,307,1,Hybrid,Sedan
26090,35,418,2,Hybrid,Sedan
31637,25,311,9,Petrol,SUV
42415,20,409,9,Petrol,SUV
44071,30,251,6,Electric,SUV
38271,20,372,6,Petrol,SUV
56034,20,208,4,Petrol,SUV
53434,35,396,4,Petrol,Luxury
24188,25,277,5,Hybrid,Sedan
30161,30,432,3,Electric,SUV
48732,40,474,1,Electric,SUV
31314,40,174,1,Electric,Sports
43954,20,280,7,Electric,SUV
41508,35,345,1,Petrol,SUV
41969,35,430,1,Petrol,SUV
57545,40,303,3,Hybrid,SUV
56668,30,282,4,Electric,SUV
43061,25,376,4,Petrol,SUV
33716,30,338,2,Petrol,SUV
59749,25,414,1,Hybrid,Luxury
59144,40,283,3,Hybrid,SUV
36907,25,360,4,Hybrid,SUV
38777,35,209,3,Petrol,SUV
47693,20,362,8,Petrol,SUV
46329,20,365,1,Hybrid,SUV
36282,40,375,2,Electric,SUV
43624,35,280,7,Hybrid,SUV
43321,30,225,4,Hybrid,SUV
30488,35,435,8,Hybrid,SUV
42574,20,426,3,Hybrid,SUV
25240,20,305,6,Petrol,Sedan
30478,35,397,9,Electric,SUV
39262,35,367,1,Hybrid,SUV
24432,20,339,1,Electric,Sedan
49721,30,312,8,Electric,SUV
33568,40,329,3,Electric,SUV
34178,40,183,5,Hybrid,Sports
42195,35,190,1,Petrol,Sports
20302,40,456,5,Hybrid,Sedan
37022,20,487,6,Electric,SUV
20055,20,463,8,Electric,Sedan
28717,35,224,3,Petrol,Sedan
48699,35,428,3,Hybrid,SUV
28150,35,325,9,Electric,Sedan
22125,30,299,4,Petrol,Sedan
36748,40,422,4,Electric,SUV
59577,35,474,7,Petrol,Luxury
24621,25,257,2,Petrol,Sedan
35034,25,288,8,Hybrid,SUV
25126,20,499,6,Electric,Sedan
25122,40,420,3,Hybrid,Sedan
38030,35,496,9,Electric,SUV
37302,25,438,5,Hybrid,SUV
39181,40,361,8,Electric,SUV
58638,20,421,7,Hybrid,Luxury
21531,30,215,8,Petrol,Sedan
43333,40,397,7,Electric,SUV
59650,40,305,3,Electric,SUV
54674,30,196,2,Petrol,Sports
55854,40,350,7,Hybrid,SUV
28152,20,297,3,Electric,Sedan
58518,20,273,3,Electric,SUV
30267,30,150,2,Hybrid,Sports
45289,35,396,4,Petrol,SUV
21062,25,492,8,Hybrid,Sedan
49926,35,277,1,Hybrid,SUV
26229,40,340,1,Hybrid,Sedan
24632,25,216,5,Electric,Sedan
59056,30,153,5,Petrol,Sports
23596,30,452,1,Petrol,Sedan
26168,25,443,6,Hybrid,Sedan
27561,20,292,1,Electric,Sedan
28258,25,340,5,Hybrid,Sedan
36616,40,170,9,Electric,Sports
46734,20,376,5,Electric,SUV
26371,30,462,6,Electric,Sedan
46069,25,266,8,Electric,SUV
34369,35,451,1,Petrol,SUV
32910,35,291,2,Electric,SUV
27943,40,188,9,Electric,Sedan
32199,35,401,3,Hybrid,SUV
35728,25,482,6,Hybrid,SUV
43275,25,356,5,Petrol,SUV
26738,35,359,2,Hybrid,Sedan
35913,25,264,7,Electric,SUV
55240,40,374,4,Hybrid,Luxury
39123,20,283,1,Petrol,SUV
54529,40,400,4,Hybrid,Luxury
30167,40,368,6,Hybrid,SUV
30554,25,240,7,Petrol,SUV
37260,20,195,7,Petrol,Sports
23812,25,187,7,Electric,Sedan
48024,30,291,3,Hybrid,SUV
47285,25,249,6,Electric,SUV
46900,25,477,8,Hybrid,SUV
21605,25,339,4,Hybrid,Sedan
25622,20,184,8,Electric,Sedan
26767,25,296,2,Hybrid,Sedan
47139,20,179,9,Hybrid,Sports
31613,35,483,9,Hybrid,SUV
30589,30,233,8,Petrol,SUV
33918,20,430,1,Electric,SUV
40119,35,493,2,Petrol,SUV
47446,20,419,6,Electric,SUV
33046,20,303,5,Electric,SUV
44818,30,251,9,Hybrid,SUV
55358,40,364,5,Electric,Luxury
24324,40,299,2,Petrol,Sedan
30787,20,232,4,Petrol,SUV
29111,25,259,9,Petrol,Sedan
58110,35,424,1,Electric,Luxury
36389,25,350,1,Petrol,SUV
34043,25,433,7,Electric,SUV
48746,20,322,3,Petrol,SUV
42350,20,476,2,Petrol,SUV
20117,20,355,9,Electric,Sedan
38935,20,212,3,Petrol,SUV
33234,40,222,2,Hybrid,SUV
58328,20,400,8,Electric,Luxury
20846,40,273,6,Electric,Sedan
30954,40,270,6,Electric,SUV
33703,20,424,7,Hybrid,SUV
42700,30,269,7,Electric,SUV
52043,35,466,6,Petrol,Luxury
26469,25,313,4,Petrol,Sedan
50105,40,435,9,Petrol,Luxury
46386,35,414,6,Electric,SUV
56976,30,469,4,Petrol,Luxury
59051,25,310,3,Electric,SUV
22048,25,457,4,Petrol,Sedan
59001,40,238,3,Hybrid,SUV
32941,20,291,2,Hybrid,SUV
21828,30,352,5,Hybrid,Sedan
21917,40,458,2,Hybrid,Sedan
40618,30,376,6,Electric,SUV
52254,20,483,3,Petrol,Luxury
59756,20,371,6,Hybrid,Luxury
40128,40,190,9,Electric,Sports
20009,20,345,1,Hybrid,Sedan
36644,35,217,6,Hybrid,SUV
42422,25,413,9,Electric,SUV
29865,40,151,4,Electric,Sedan
22219,30,274,2,Petrol,Sedan
59809,35,259,4,Petrol,SUV
25287,40,235,1,Hybrid,Sedan
54387,20,269,3,Hybrid,SUV
28512,20,276,9,Petrol,Sedan
21342,20,404,5,Petrol,Sedan
39216,20,332,6,Electric,SUV
47534,30,165,3,Petrol,Sports
34231,35,211,5,Petrol,SUV
52293,25,307,8,Hybrid,SUV
46614,30,417,6,Petrol,SUV
56258,30,184,4,Hybrid,Sports
48253,25,416,2,Petrol,SUV
37988,25,213,9,Electric,SUV
51037,20,199,1,Petrol,Sports
32219,30,404,1,Petrol,SUV
20235,40,298,4,Petrol,Sedan
21908,25,474,7,Hybrid,Sedan
28567,25,453,1,Electric,Sedan
56298,35,425,9,Petrol,Luxury
25256,40,321,4,Hybrid,Sedan
39019,40,350,3,Electric,SUV
28162,25,473,1,Hybrid,Sedan
25415,20,184,4,Hybrid,Sedan
56159,35,365,9,Electric,Luxury
25951,40,214,6,Petrol,Sedan
41852,25,157,6,Hybrid,Sports
28007,40,450,1,Hybrid,Sedan
50523,35,492,2,Petrol,Luxury
43325,35,481,6,Petrol,SUV
41204,30,225,2,Electric,SUV
35524,25,323,3,Electric,SUV
39282,35,196,4,Electric,Sports
43930,30,164,5,Petrol,Sports
20077,30,296,9,Hybrid,Sedan
40611,40,175,4,Hybrid,Sports
36984,40,457,9,Electric,SUV
34060,30,242,3,Petrol,SUV
37449,40,381,8,Hybrid,SUV
38520,35,170,1,Electric,Sports
29510,20,456,9,Hybrid,Sedan
49287,35,187,9,Hybrid,Sports
48173,30,425,2,Petrol,SUV
59711,30,306,4,Petrol,SUV
31954,35,328,8,Hybrid,SUV
27804,40,281,7,Electric,Sedan
26565,40,460,1,Petrol,Sedan
25984,30,497,5,Hybrid,Sedan
41526,25,177,7,Petrol,Sports
57438,40,409,4,Petrol,Luxury
38574,35,225,1,Petrol,SUV
29184,40,216,9,Hybrid,Sedan
39096,35,491,5,Electric,SUV
22192,30,343,2,Electric,Sedan
54016,40,311,8,Electric,SUV
31246,35,496,2,Petrol,SUV
38381,30,406,3,Hybrid,SUV
56455,25,221,1,Petrol,SUV
46727,35,236,2,Electric,SUV
24018,25,411,7,Electric,Sedan
31302,25,363,2,Hybrid,SUV
21970,20,302,6,Petrol,Sedan
47202,40,359,3,Electric,SUV
51110,35,210,4,Hybrid,SUV
37586,25,417,8,Petrol,SUV
44519,20,411,3,Petrol,SUV
51273,30,367,6,Electric,Luxury
41951,35,432,1,Electric,SUV
35374,25,285,7,Petrol,SUV
25788,40,242,8,Petrol,Sedan
25408,20,258,8,Electric,Sedan
45053,25,390,3,Petrol,SUV
29446,40,291,1,Electric,Sedan
20922,25,440,9,Petrol,Sedan
53187,35,386,6,Electric,Luxury
30789,35,489,9,Hybrid,SUV
52184,35,461,7,Electric,Luxury
21120,20,326,1,Electric,Sedan
52154,35,290,1,Hybrid,SUV
37334,40,338,6,Petrol,SUV
22336,25,198,5,Hybrid,Sedan
58141,30,451,9,Electric,Luxury
22243,40,339,2,Petrol,Sedan
39029,40,285,8,Hybrid,SUV
52265,35,192,5,Petrol,Sports
57380,20,239,2,Petrol,SUV
43710,25,444,6,Hybrid,SUV
49486,20,490,8,Petrol,SUV
26371,25,394,4,Hybrid,Sedan
26359,25,341,2,Electric,Sedan
55996,20,467,5,Petrol,Luxury
40103,40,255,2,Electric,SUV
34382,25,459,2,Electric,SUV
38755,20,382,6,Petrol,SUV
55659,25,414,9,Hybrid,Luxury
23756,30,493,4,Petrol,Sedan
40609,40,186,6,Electric,Sports
36478,35,454,7,Electric,SUV
55442,25,190,6,Hybrid,Sports
59666,30,166,8,Petrol,Sports
30147,35,493,4,Electric,SUV
53561,35,426,1,Electric,Luxury
54884,25,456,7,Electric,Luxury
25779,20,208,3,Hybrid,Sedan
32298,25,332,6,Electric,SUV
34153,30,190,2,Electric,Sports
30789,35,188,9,Petrol,Sports
32999,25,341,1,Petrol,SUV
20814,20,416,6,Electric,Sedan
30541,25,296,6,Electric,SUV
44938,40,482,5,Petrol,SUV
22443,20,276,5,Hybrid,Sedan
30457,30,195,1,Hybrid,Sports
30380,35,194,5,Hybrid,Sports
27783,25,150,2,Hybrid,Sedan
37368,20,317,7,Hybrid,SUV
35328,40,257,3,Hybrid,SUV
46215,20,168,4,Hybrid,Sports
53595,40,481,3,Hybrid,Luxury
47306,30,221,3,Petrol,SUV
39915,35,258,4,Hybrid,SUV
59915,30,417,5,Hybrid,Luxury
57219,25,389,1,Hybrid,Luxury
35343,20,450,4,Electric,SUV
58727,40,239,8,Petrol,SUV
20126,40,252,7,Petrol,Sedan
47632,20,399,9,Petrol,SUV
40530,20,157,5,Hybrid,Sports
59964,25,302,4,Hybrid,SUV
23368,30,496,8,Electric,Sedan
23797,40,323,9,Petrol,Sedan
33718,25,492,7,Hybrid,SUV
54560,30,307,7,Petrol,SUV
31053,25,364,5,Electric,SUV
42116,40,326,4,Electric,SUV
56244,20,324,1,Electric,SUV
56185,20,489,7,Petrol,Luxury
21645,30,487,1,Hybrid,Sedan
39256,35,295,1,Hybrid,SUV
55840,30,473,5,Electric,Luxury
54622,35,310,9,Hybrid,SUV
57430,25,276,6,Electric,SUV
59282,25,231,3,Petrol,SUV
